position_mm,potential_mv_at_reference_drive
5.847490000000033916e+01,3.644166264397250110e+00
5.847690000000033450e+01,3.644193233457266423e+00
5.850176690000033375e+01,3.644528551916526471e+00
5.861028650000033480e+01,3.645993486642147730e+00
5.878059190000033141e+01,3.648316447014681163e+00
5.895089730000034223e+01,3.650662862868684577e+00
5.912120270000033884e+01,3.653031135145371699e+00
5.929150810000033545e+01,3.655421263867010495e+00
5.946181350000033916e+01,3.658169130545791070e+00
5.957033310000034021e+01,3.660306480010929953e+00
5.959520000000033946e+01,3.660796246425611411e+00
5.959720000000034190e+01,3.660835637456635094e+00
5.959920000000033724e+01,3.660875028487658778e+00
5.962406690000032938e+01,3.661389346870293604e+00
5.973258650000033754e+01,3.663637403146094762e+00
5.990289190000033415e+01,3.667164511605497612e+00
6.007319730000033786e+01,3.670690414499176768e+00
6.024350270000034158e+01,3.674215111810696044e+00
6.041380810000033819e+01,3.677738603713140542e+00
6.058411350000033480e+01,3.681260753811320896e+00
6.069263310000033584e+01,3.683504294371838572e+00
6.071750000000033509e+01,3.684018362908865640e+00
6.071950000000033754e+01,3.684059708515839304e+00
6.072150000000033288e+01,3.684101054122812968e+00
6.074636690000033212e+01,3.684615122659839592e+00
6.085488650000033317e+01,3.686858056456815191e+00
6.102519190000033689e+01,3.690389942988367977e+00
6.119549730000034060e+01,3.693994735486647585e+00
6.136580270000033721e+01,3.697827659147580270e+00
6.153610810000034093e+01,3.701832891569628359e+00
6.170641350000033754e+01,3.706009732774981469e+00
6.181493310000033858e+01,3.708739153038561831e+00
6.183980000000033783e+01,3.709390763097880850e+00
6.184180000000034028e+01,3.709443170921881361e+00
6.184380000000033561e+01,3.709495578745881872e+00
6.186866690000034197e+01,3.710147188805201335e+00
6.197718650000033591e+01,3.712990826853904025e+00
6.214749190000033252e+01,3.717633501427273668e+00
6.231779730000034334e+01,3.722447784744933763e+00
6.248810270000033995e+01,3.727433676792406114e+00
6.265840810000033656e+01,3.732501578493324867e+00
6.282871350000034028e+01,3.737429468882512928e+00
6.293723310000034132e+01,3.740239858319636568e+00
6.296210000000034057e+01,3.740883849571853048e+00
6.296410000000034302e+01,3.740935644628914147e+00
6.296610000000033835e+01,3.740987439685975247e+00
6.299096690000033760e+01,3.741631430938191283e+00
6.309948650000033155e+01,3.744593796544943398e+00
6.326979190000033526e+01,3.749371059674190931e+00
6.344009730000033898e+01,3.754363120837155510e+00
6.361040270000034269e+01,3.759569979846185017e+00
6.378070810000033930e+01,3.765021107342036100e+00
6.395101350000033591e+01,3.770702923964812658e+00
6.405953310000033696e+01,3.774433132757175624e+00
6.408440000000032910e+01,3.775305045037481655e+00
6.408640000000033865e+01,3.775375171372514327e+00
6.408840000000033399e+01,3.775445297707546111e+00
6.411326690000034034e+01,3.776317209987853030e+00
6.422178650000033429e+01,3.780155532089300330e+00
6.439209190000033800e+01,3.786387138407291353e+00
6.456239730000034172e+01,3.792866823894031736e+00
6.473270270000034543e+01,3.799561307350818762e+00
6.490300810000033493e+01,3.806470588784970577e+00
6.507331350000033865e+01,3.813594668191347292e+00
6.518183310000034680e+01,3.818228585278764964e+00
6.520670000000033895e+01,3.819300666699881663e+00
6.520870000000033428e+01,3.819389124311890260e+00
6.521070000000034383e+01,3.819477581923899301e+00
6.523556690000035019e+01,3.820577415219927886e+00
6.534408650000034413e+01,3.825377107555991696e+00
6.551439190000033364e+01,3.833084257805537298e+00
6.568469730000033735e+01,3.841006206000329382e+00
6.585500270000034106e+01,3.849142952195566902e+00
6.602530810000033057e+01,3.857494496405611262e+00
6.619561350000034849e+01,3.866067539359434591e+00
6.630413310000034244e+01,3.871689407027184338e+00
6.632900000000033458e+01,3.872979174501213873e+00
6.633100000000032992e+01,3.873082908177226891e+00
6.633300000000033947e+01,3.873186641853240797e+00
6.635786690000034582e+01,3.874476409327270776e+00
6.646638650000033977e+01,3.880206390288992502e+00
6.663669190000034348e+01,3.889355803301782100e+00
6.680699730000034720e+01,3.898720014289364322e+00
6.697730270000033670e+01,3.908333695789681261e+00
6.714760810000032620e+01,3.918172864307490677e+00
6.731791350000034413e+01,3.928226830846896611e+00
6.742643310000033807e+01,3.934724654954169676e+00
6.745130000000034443e+01,3.936242343443921765e+00
6.745330000000033976e+01,3.936364408396911152e+00
6.745530000000033510e+01,3.936486473349900983e+00
6.748016690000034146e+01,3.938004161839652628e+00
6.758868650000033540e+01,3.944627381775890562e+00
6.775899190000033911e+01,3.955264419240698270e+00
6.792929730000034283e+01,3.966116254617271686e+00
6.809960270000033233e+01,3.977182887943494283e+00
6.826990810000033605e+01,3.988464319242248646e+00
6.844021350000033976e+01,3.999960548514616132e+00
6.854873310000033371e+01,4.007412644682520231e+00
6.857360000000034006e+01,4.009120267362642487e+00
6.857560000000033540e+01,4.009257608380631055e+00
6.857760000000033074e+01,4.009394949398620511e+00
6.860246690000033709e+01,4.011106340529955183e+00
6.871098650000033103e+01,4.018724211888674347e+00
6.888129190000033475e+01,4.030803512017118173e+00
6.905159730000033846e+01,4.043097610139214204e+00
6.922190270000032797e+01,4.055606506186645532e+00
6.939220810000033168e+01,4.068342103229641182e+00
6.956251350000033540e+01,4.081325956874202632e+00
6.967103310000032934e+01,4.089715439846584921e+00
6.969590000000033569e+01,4.091650983543312137e+00
6.969790000000033103e+01,4.091806655838348128e+00
6.969990000000032637e+01,4.091962328133385007e+00
6.972476690000033273e+01,4.093897871830111335e+00
6.983328650000032667e+01,4.102829248411899776e+00
7.000359190000033038e+01,4.118575906285989241e+00
7.017389730000033410e+01,4.134842856907811282e+00
7.034420270000032360e+01,4.151435241438317547e+00
7.051450810000032732e+01,4.168344953811047304e+00
7.068481350000033103e+01,4.185571994076994429e+00
7.079333310000032498e+01,4.196672105518485907e+00
7.081820000000033133e+01,4.199256732007532911e+00
7.082020000000032667e+01,4.199465818964561059e+00
7.082220000000032201e+01,4.199674905921588319e+00
7.084706690000032836e+01,4.202274578147450868e+00
7.095558650000032230e+01,4.213619594618405628e+00
7.112589190000032602e+01,4.231708024050516492e+00
7.129619730000032973e+01,4.250113781336529506e+00
7.146650270000031924e+01,4.268836866477238701e+00
7.163680810000032295e+01,4.287690961872603346e+00
7.180711350000032667e+01,4.306190545055128993e+00
7.191563310000032061e+01,4.318270349473647407e+00
7.194050000000032696e+01,4.321038395877200067e+00
7.194250000000032230e+01,4.321261024866220879e+00
7.194450000000033185e+01,4.321483653855244356e+00
7.196936690000032399e+01,4.324251700258795239e+00
7.207788650000033215e+01,4.336804912297680836e+00
7.224819190000032165e+01,4.357090436221743524e+00
7.241849730000032537e+01,4.378230616964262190e+00
7.258880270000032908e+01,4.400293513529317302e+00
7.275910810000033280e+01,4.423323496728966298e+00
7.292941350000032230e+01,4.447208136640672826e+00
7.303793310000031624e+01,4.462816509535988629e+00
7.306280000000032260e+01,4.466491427872801623e+00
7.306480000000031794e+01,4.466786994938805044e+00
7.306680000000032749e+01,4.467082562004810242e+00
7.309166690000031963e+01,4.470757480341620571e+00
7.320018650000032778e+01,4.486796023808865996e+00
7.337049190000031729e+01,4.512999503192054007e+00
7.354079730000032100e+01,4.540058772995803515e+00
7.371110270000032472e+01,4.567972699526277047e+00
7.388140810000032843e+01,4.596741282793564309e+00
7.405171350000031794e+01,4.626364522854668593e+00
7.416023310000031188e+01,4.645699937310812544e+00
7.418510000000031823e+01,4.650130582261030376e+00
7.418710000000031357e+01,4.650486931058042117e+00
7.418910000000032312e+01,4.650843279855056522e+00
7.421396690000031526e+01,4.655409453247791873e+00
7.432248650000032342e+01,4.675797892524808930e+00
7.449279190000032713e+01,4.708394199169021022e+00
7.466309730000031664e+01,4.741846014910584550e+00
7.483340270000032035e+01,4.776087979439747500e+00
7.500370810000032407e+01,4.811120092648161872e+00
7.517401350000031357e+01,4.847088383230757636e+00
7.528253310000032172e+01,4.870471375750137000e+00
7.530740000000031387e+01,4.875862971513971189e+00
7.530940000000032342e+01,4.876296607854959220e+00
7.531140000000031876e+01,4.876730244195944586e+00
7.533626690000032511e+01,4.882121839959781440e+00
7.544478650000031905e+01,4.906190764725229414e+00
7.561509190000032277e+01,4.945366337699383941e+00
7.578539730000032648e+01,4.986570303942848170e+00
7.595570270000033020e+01,5.028859958803347574e+00
7.612600810000031970e+01,5.071869028296331905e+00
7.629631350000032342e+01,5.116521105749367138e+00
7.640483310000033157e+01,5.145721294709960425e+00
7.642970000000032371e+01,5.152656289908200904e+00
7.643170000000033326e+01,5.153214059087171783e+00
7.643370000000032860e+01,5.153771828266139110e+00
7.645856690000033495e+01,5.160706823464384030e+00
7.656708650000032890e+01,5.190971267561363511e+00
7.673739190000033261e+01,5.239653824627505507e+00
7.690769730000033633e+01,5.288864568782215336e+00
7.707800270000032583e+01,5.339031091344802249e+00
7.724830810000032955e+01,5.390930497669616628e+00
7.741861350000033326e+01,5.445070035663004404e+00
7.752713310000032720e+01,5.481107982818706148e+00
7.755200000000033356e+01,5.489365956752690678e+00
7.755400000000034311e+01,5.490030130729665281e+00
7.755600000000033845e+01,5.490694304706636331e+00
7.758086690000033059e+01,5.498952278640615532e+00
7.768938650000033874e+01,5.536414281012352667e+00
7.785969190000034246e+01,5.596015376144129583e+00
7.802999730000033196e+01,5.656647263946596560e+00
7.820030270000033568e+01,5.719230111406902850e+00
7.837060810000033939e+01,5.784279521411657576e+00
7.854091350000034311e+01,5.851373439892509687e+00
7.864943310000033705e+01,5.895115035133219550e+00
7.867430000000034340e+01,5.905334717691329338e+00
7.867630000000033874e+01,5.906156668361343343e+00
7.867830000000034829e+01,5.906978619031362676e+00
7.870316690000034043e+01,5.917198301589467135e+00
7.881168650000034859e+01,5.961966739526726400e+00
7.898199190000033809e+01,6.034429012746272747e+00
7.915229730000034181e+01,6.109100961557577314e+00
7.932260270000034552e+01,6.185813026983115748e+00
7.949290810000034924e+01,6.264291548257896913e+00
7.966321350000035295e+01,6.346192300360115723e+00
7.977173310000034689e+01,6.401108131132891899e+00
7.979660000000035325e+01,6.413691908369851369e+00
7.979860000000034859e+01,6.414703998918888317e+00
7.980060000000034393e+01,6.415728532711915122e+00
7.982546690000035028e+01,6.428828018121828691e+00
7.993398650000034422e+01,6.485994408660627819e+00
8.010429190000034794e+01,6.577871453612520902e+00
8.027459730000035165e+01,6.672664589457487416e+00
8.044490270000035537e+01,6.770373816150863533e+00
8.061520810000035908e+01,6.870921407150140325e+00
8.078551350000034859e+01,6.973892840296935347e+00
8.089403310000035674e+01,7.042142189980796552e+00
8.091890000000034888e+01,7.057874330463222101e+00
8.092090000000035843e+01,7.059139638200214506e+00
8.092290000000035377e+01,7.060404945937198029e+00
8.094776690000036012e+01,7.076137086419632460e+00
8.105628650000035407e+01,7.146303158098389119e+00
8.122659190000035778e+01,7.259332242206605557e+00
8.139689730000036150e+01,7.376218589611503340e+00
8.156720270000036521e+01,7.497592649373081564e+00
8.173750810000035472e+01,7.622740696116938608e+00
8.190781350000035843e+01,7.752187701860068891e+00
8.201633310000036658e+01,7.836127676325593150e+00
8.204120000000035873e+01,7.855611743359371957e+00
8.204320000000035407e+01,7.857178811794419460e+00
8.204520000000036362e+01,7.858745880229477621e+00
8.207006690000036997e+01,7.878229947263267974e+00
8.217858650000036391e+01,7.963258767135445559e+00
8.234889190000036763e+01,8.100653418043535225e+00
8.251919730000037134e+01,8.241748348589670314e+00
8.268950270000036085e+01,8.386490496606239020e+00
8.285980810000036456e+01,8.534853082794338519e+00
8.303011350000036828e+01,8.686836107088561576e+00
8.313863310000036222e+01,8.785980673451939893e+00
8.316350000000036857e+01,8.808699316142313052e+00
8.316550000000036391e+01,8.810526535674327420e+00
8.316750000000035925e+01,8.812353755206341788e+00
8.319236690000036560e+01,8.835072397896714946e+00
8.330088650000035955e+01,8.936814583603950979e+00
8.347119190000037747e+01,9.098803706926547719e+00
8.364149730000036698e+01,9.266167502184549321e+00
8.381180270000037069e+01,9.441761049313702969e+00
8.398210810000037441e+01,9.620563405779922306e+00
8.415241350000037812e+01,9.802042259669963897e+00
8.426093310000037206e+01,9.918951888905159109e+00
8.428580000000037842e+01,9.945932823355294161e+00
8.428780000000037376e+01,9.948102851340291153e+00
8.428980000000036910e+01,9.950272879325288145e+00
8.431466690000037545e+01,9.977253813775421420e+00
8.442318650000036939e+01,1.009540627087917564e+01
8.459349190000037311e+01,1.028318070573157428e+01
8.476379730000037682e+01,1.046949112563642004e+01
8.493410270000038054e+01,1.065056860212490619e+01
8.510440810000038425e+01,1.084128224285951170e+01
8.527471350000038797e+01,1.104011506299947243e+01
8.538323310000038191e+01,1.116775461895142918e+01
8.540810000000038826e+01,1.119690982747053631e+01
8.541010000000038360e+01,1.119923925111750052e+01
8.541210000000037894e+01,1.120156867476446472e+01
8.543696690000038529e+01,1.123053144720788765e+01
8.554548650000037924e+01,1.135692550840772519e+01
8.571579190000038295e+01,1.155357325360602339e+01
8.588609730000038667e+01,1.174946060843840989e+01
8.605640270000039038e+01,1.194548657671763792e+01
8.622670810000037989e+01,1.214175040169237008e+01
8.639701350000038360e+01,1.233825713514526612e+01
8.650553310000039176e+01,1.246347950624078749e+01
8.653040000000038390e+01,1.249217383607292575e+01
8.653240000000039345e+01,1.249448166936395133e+01
8.653440000000038879e+01,1.249678950265495914e+01
8.655926690000038093e+01,1.252548383248709918e+01
8.666778650000038908e+01,1.264558596597177953e+01
8.683809190000039280e+01,1.282716609145048992e+01
8.700839730000038230e+01,1.300109172831611026e+01
8.717870270000038602e+01,1.316620350650246785e+01
8.734900810000038973e+01,1.332231336578075620e+01
8.751931350000039345e+01,1.347549407702984148e+01
8.762783310000038739e+01,1.357094490862229819e+01
8.765270000000039374e+01,1.359168154673609941e+01
8.765470000000038908e+01,1.359334935720815274e+01
8.765670000000039863e+01,1.359501716768021673e+01
8.768156690000039077e+01,1.361575380579400552e+01
8.779008650000039893e+01,1.370624886844572465e+01
8.796039190000038843e+01,1.383750851939909232e+01
8.813069730000039215e+01,1.396058888660304831e+01
8.830100270000039586e+01,1.407267583376295228e+01
8.847130810000039958e+01,1.417096948160244274e+01
8.864161350000040329e+01,1.425494749263615368e+01
8.875013310000039723e+01,1.430162234471174010e+01
8.877500000000040359e+01,1.431231772950009784e+01
8.877700000000039893e+01,1.431317794004410082e+01
8.877900000000039427e+01,1.431403815058810380e+01
8.880386690000040062e+01,1.432435536173645296e+01
8.891238650000039456e+01,1.436041725455784324e+01
8.908269190000039828e+01,1.440549592514276611e+01
8.925299730000040199e+01,1.443324708352059638e+01
8.942330270000040571e+01,1.444734711897295831e+01
8.959360810000040942e+01,1.444692180873843590e+01
8.976391350000039893e+01,1.443099358057240167e+01
8.987243310000040708e+01,1.441561465328503644e+01
8.989730000000039922e+01,1.441153760701190301e+01
8.989930000000040877e+01,1.441120969751991510e+01
8.990130000000040411e+01,1.441088178802793074e+01
8.992616690000041046e+01,1.440680474175479375e+01
9.003468650000040441e+01,1.438516510938180915e+01
9.020499190000040812e+01,1.433767160658113937e+01
9.037529730000041184e+01,1.426761498407204165e+01
9.054560270000041555e+01,1.417733492310401111e+01
9.071590810000040506e+01,1.406752477202462615e+01
9.088621350000040877e+01,1.393818453079802211e+01
9.099473310000041693e+01,1.384832565903832524e+01
9.101960000000040907e+01,1.382575691017837372e+01
9.102160000000041862e+01,1.382389899892141649e+01
9.102360000000041396e+01,1.382204108766447348e+01
9.104846690000042031e+01,1.379894084094676288e+01
9.115698650000041425e+01,1.369813094772700524e+01
9.132729190000040376e+01,1.353249969709109557e+01
9.149759730000040747e+01,1.335851038893545528e+01
9.166790270000041119e+01,1.317484791158029012e+01
9.183820810000040069e+01,1.297952813092283719e+01
9.200851350000040441e+01,1.277093197438498962e+01
9.211703310000039835e+01,1.262966637868014175e+01
9.214190000000040470e+01,1.259729584430815841e+01
9.214390000000040004e+01,1.259469234050415309e+01
9.214590000000039538e+01,1.259208883670014956e+01
9.217076690000040173e+01,1.255971830232816444e+01
9.227928650000039568e+01,1.241231520327539606e+01
9.244959190000039939e+01,1.217371023016658604e+01
9.261989730000040311e+01,1.192461917142476224e+01
9.279020270000039261e+01,1.166482777654590386e+01
9.296050810000039633e+01,1.139840599269352772e+01
9.313081350000038583e+01,1.112628657713068314e+01
9.323933310000039398e+01,1.095031764157727672e+01
9.326420000000038613e+01,1.090936832518280752e+01
9.326620000000039568e+01,1.090607484538478822e+01
9.326820000000039101e+01,1.090278136558679201e+01
9.329306690000039737e+01,1.086183204919229794e+01
9.340158650000039131e+01,1.068307182483419560e+01
9.357189190000039503e+01,1.039653987946598868e+01
9.374219730000038453e+01,1.010366250606663030e+01
9.391250270000038824e+01,9.808787243289037505e+00
9.408280810000037775e+01,9.512982608649515726e+00
9.425311350000038146e+01,9.216248602091239306e+00
9.436163310000037541e+01,9.026674382832396759e+00
9.438650000000038176e+01,8.983234090453056098e+00
9.438850000000037710e+01,8.979740265941016375e+00
9.439050000000037244e+01,8.976246441428974876e+00
9.441536690000037879e+01,8.932704580994437649e+00
9.452388650000037273e+01,8.742413097699103020e+00
9.469419190000037645e+01,8.443244820645471549e+00
9.486449730000038016e+01,8.145111368088636894e+00
9.503480270000036967e+01,7.849145849236076167e+00
9.520510810000037338e+01,7.552220152530152220e+00
9.537541350000036289e+01,7.254166386234868646e+00
9.548393310000037104e+01,7.063837916694753361e+00
9.550880000000036318e+01,7.020197480324143591e+00
9.551080000000037273e+01,7.016687558591170770e+00
9.551280000000036807e+01,7.013177636858222819e+00
9.553766690000037443e+01,6.969537200487588180e+00
9.564618650000036837e+01,6.780789621074721829e+00
9.581649190000035787e+01,6.488431760101254220e+00
9.598679730000036159e+01,6.198430788083325815e+00
9.615710270000036530e+01,5.910429678061274394e+00
9.632740810000035481e+01,5.624221539452912921e+00
9.649771350000035852e+01,5.340077181639186321e+00
9.660623310000035247e+01,5.159844041915404134e+00
9.663110000000035882e+01,5.118947849101425973e+00
9.663310000000035416e+01,5.115658641937375073e+00
9.663510000000034950e+01,5.112369434773323285e+00
9.665996690000035585e+01,5.071473241959346012e+00
9.676848650000034979e+01,4.893001519078955752e+00
9.693879190000035351e+01,4.615306703504453267e+00
9.710909730000035722e+01,4.340033265451183730e+00
9.727940270000034673e+01,4.068228893970942117e+00
9.744970810000035044e+01,3.799998325217182060e+00
9.762001350000033995e+01,3.534014876798417859e+00
9.772853310000034810e+01,3.365889625661893092e+00
9.775340000000034024e+01,3.327364291920475114e+00
9.775540000000034979e+01,3.324265768683432043e+00
9.775740000000034513e+01,3.321167245446410732e+00
9.778226690000033727e+01,3.282641911704992310e+00
9.789078650000034543e+01,3.121781666980370851e+00
9.806109190000033493e+01,2.869607307439637545e+00
9.823139730000033865e+01,2.612911481179053474e+00
9.840170270000034236e+01,2.351727115974772797e+00
9.857200810000033186e+01,2.095727200927916201e+00
9.874231350000033558e+01,1.840999881156804685e+00
9.885083310000032952e+01,1.679300196583590754e+00
9.887570000000033588e+01,1.642365463644554824e+00
9.887770000000033122e+01,1.639394869566568547e+00
9.887970000000032655e+01,1.636424275488582047e+00
9.890456690000033291e+01,1.599489542549546339e+00
9.901308650000032685e+01,1.438422724057387914e+00
9.918339190000033057e+01,1.186991522147800904e+00
9.935369730000033428e+01,9.369347117009338977e-01
9.952400270000032378e+01,6.881352706530926566e-01
9.969430810000032750e+01,4.405931989628672496e-01
9.986461350000031700e+01,1.942076313143998312e-01
9.997313310000032516e+01,3.770640346855350100e-02
9.999800000000031730e+01,1.844675423865238528e-03
1.000000000000003268e+02,-1.039618802186336203e-03
1.000020000000003222e+02,-3.938729146183013799e-03
1.000268669000003143e+02,-3.998467265282111549e-02
1.001353865000003225e+02,-1.972898200963904281e-01
1.003056919000003120e+02,-4.447887757327303460e-01
1.004759973000003157e+02,-6.931283772888042760e-01
1.006463027000003194e+02,-9.423086247314569341e-01
1.008166081000003089e+02,-1.192329518063389049e+00
1.009869135000003126e+02,-1.443269295394842944e+00
1.010954331000003066e+02,-1.604173404839126738e+00
1.011203000000003129e+02,-1.641075580392072908e+00
1.011223000000003083e+02,-1.644043555938108137e+00
1.011243000000003036e+02,-1.647011531484143143e+00
1.011491669000003100e+02,-1.683913707037089313e+00
1.012576865000003039e+02,-1.845853978167299791e+00
1.014279919000003076e+02,-2.101673580447426914e+00
1.015982973000002971e+02,-2.359709001643613746e+00
1.017686027000003008e+02,-2.619047689173298554e+00
1.019389081000003046e+02,-2.878719559936871786e+00
1.021092135000002941e+02,-3.140398175458662067e+00
1.022177331000003022e+02,-3.308144918797855549e+00
1.022426000000002944e+02,-3.346951992923755448e+00
1.022446000000003039e+02,-3.350073176032715594e+00
1.022466000000002992e+02,-3.353194359141653091e+00
1.022714669000002914e+02,-3.392001433267552990e+00
1.023799865000002995e+02,-3.561356204522299951e+00
1.025502919000002890e+02,-3.829795372511932250e+00
1.027205973000002928e+02,-4.099940646407604916e+00
1.028909027000002965e+02,-4.373048241387602175e+00
1.030612081000002860e+02,-4.648671112641323155e+00
1.032315135000002897e+02,-4.925046251989090074e+00
1.033400331000002836e+02,-5.101192643679869576e+00
1.033649000000002900e+02,-5.141555994701590748e+00
1.033669000000002853e+02,-5.144802346359547585e+00
1.033689000000002807e+02,-5.148048698017503533e+00
1.033937669000002870e+02,-5.188412049039225593e+00
1.035022865000002810e+02,-5.364774349686719290e+00
1.036725919000002847e+02,-5.641816288442006666e+00
1.038428973000002742e+02,-5.919828627704688095e+00
1.040132027000002779e+02,-6.200482628882864944e+00
1.041835081000002816e+02,-6.490017861785515763e+00
1.043538135000002711e+02,-6.781948395480362990e+00
1.044623331000002793e+02,-6.969102592660940232e+00
1.044872000000002714e+02,-7.012153159158927451e+00
1.044892000000002668e+02,-7.015615638719942204e+00
1.044912000000002763e+02,-7.019078118280981826e+00
1.045160669000002684e+02,-7.062128684778968157e+00
1.046245865000002766e+02,-7.250442405489541997e+00
1.047948919000002661e+02,-7.548331559862695883e+00
1.049651973000002698e+02,-7.847050484088271993e+00
1.051355027000002735e+02,-8.145030821352165162e+00
1.053058081000002630e+02,-8.442218104249750610e+00
1.054761135000002668e+02,-8.738458015205051055e+00
1.055846331000002607e+02,-8.926763621833162077e+00
1.056095000000002671e+02,-8.969836831284618839e+00
1.056115000000002624e+02,-8.973291194481660682e+00
1.056135000000002577e+02,-8.976745557678704301e+00
1.056383669000002641e+02,-9.019695209771084521e+00
1.057468865000002580e+02,-9.207128265970403902e+00
1.059171919000002617e+02,-9.500441927929037078e+00
1.060874973000002512e+02,-9.796700936859066289e+00
1.062578027000002550e+02,-1.009486862057565126e+01
1.064281081000002587e+02,-1.038894421161576176e+01
1.065984135000002482e+02,-1.067449654661039915e+01
1.067069331000002421e+02,-1.085305495692508870e+01
1.067318000000002485e+02,-1.089395946434678208e+01
1.067338000000002438e+02,-1.089724934023976211e+01
1.067358000000002534e+02,-1.090053921613276700e+01
1.067606669000002455e+02,-1.094144372355443728e+01
1.068691865000002537e+02,-1.111775370991563072e+01
1.070394919000002432e+02,-1.139123036623192142e+01
1.072097973000002469e+02,-1.166008447168822570e+01
1.073801027000002364e+02,-1.192129318301936536e+01
1.075504081000002401e+02,-1.216671732584011068e+01
1.077207135000002438e+02,-1.240084810746254362e+01
1.078292331000002378e+02,-1.254564667357687746e+01
1.078541000000002441e+02,-1.257759546747562140e+01
1.078561000000002394e+02,-1.258016505145260844e+01
1.078581000000002348e+02,-1.258273463542959369e+01
1.078829669000002411e+02,-1.261468342932833764e+01
1.079914865000002351e+02,-1.275410854200313793e+01
1.081617919000002388e+02,-1.296933214395196465e+01
1.083320973000002283e+02,-1.317005673565555846e+01
1.085024027000002320e+02,-1.335554858637246234e+01
1.086727081000002215e+02,-1.352580769608498734e+01
1.088430135000002252e+02,-1.368398658862060024e+01
1.089515331000002334e+02,-1.378193687866129835e+01
1.089764000000002255e+02,-1.380438185696394804e+01
1.089784000000002209e+02,-1.380618706616192526e+01
1.089804000000002304e+02,-1.380799227535991669e+01
1.090052669000002226e+02,-1.383040449060298016e+01
1.091137865000002307e+02,-1.392767972812306532e+01
1.092840919000002202e+02,-1.407504159932177856e+01
1.094543973000002239e+02,-1.419605537612949497e+01
1.096247027000002277e+02,-1.427016120650192121e+01
1.097950081000002172e+02,-1.433048608762887888e+01
1.099653135000002209e+02,-1.438431318253337032e+01
1.100738331000002148e+02,-1.441071437179007297e+01
1.100987000000002212e+02,-1.441592736440178868e+01
1.101007000000002165e+02,-1.441634663601278099e+01
1.101027000000002118e+02,-1.441676590762377508e+01
1.101275669000002182e+02,-1.442197890023549078e+01
1.102360865000002121e+02,-1.444092951455528784e+01
1.104063919000002159e+02,-1.445810293806248126e+01
1.105766973000002054e+02,-1.445989225609011442e+01
1.107470027000002091e+02,-1.444598642063828287e+01
1.109173081000002128e+02,-1.441293708012949182e+01
1.110876135000002023e+02,-1.435992367052525154e+01
1.111961331000001962e+02,-1.431866198293616321e+01
1.112210000000002026e+02,-1.430689313177450295e+01
1.112230000000001979e+02,-1.430591231601949076e+01
1.112250000000002075e+02,-1.430493150026447324e+01
1.112498669000001996e+02,-1.429273657661529739e+01
1.113583865000002078e+02,-1.423951770991138766e+01
1.115286919000001973e+02,-1.415741495645432479e+01
1.116989973000002010e+02,-1.406643780169246050e+01
1.118693027000001905e+02,-1.396122026571920571e+01
1.120396081000001942e+02,-1.384238998051324288e+01
1.122099135000001979e+02,-1.371413224272397002e+01
1.123184331000001919e+02,-1.362555333593551410e+01
1.123433000000001982e+02,-1.360525577846922651e+01
1.123453000000001936e+02,-1.360362328246319130e+01
1.123473000000001889e+02,-1.360199078645715609e+01
1.123721669000001953e+02,-1.358169322899086850e+01
1.124806865000001892e+02,-1.348722162250926537e+01
1.126509919000001929e+02,-1.333201862958374484e+01
1.128212973000001824e+02,-1.316716580116947455e+01
1.129916027000001861e+02,-1.299625044156099207e+01
1.131619081000001756e+02,-1.281874770252058404e+01
1.133322135000001794e+02,-1.263552408421230844e+01
1.134407331000001875e+02,-1.251608830478169310e+01
1.134656000000001796e+02,-1.248807284282369601e+01
1.134676000000001750e+02,-1.248581960965366378e+01
1.134696000000001845e+02,-1.248356637648361556e+01
1.134944669000001767e+02,-1.245555091452562024e+01
1.136029865000001848e+02,-1.233319458498915289e+01
1.137732919000001743e+02,-1.213583142297949458e+01
1.139435973000001781e+02,-1.193832273623229945e+01
1.141139027000001676e+02,-1.174110349657364338e+01
1.142842081000001713e+02,-1.154650929976874707e+01
1.144545135000001608e+02,-1.135426104270790937e+01
1.145630331000001689e+02,-1.123151874710906561e+01
1.145879000000001611e+02,-1.120339276442551579e+01
1.145899000000001706e+02,-1.120113064227247790e+01
1.145919000000001660e+02,-1.119886852011945599e+01
1.146167669000001723e+02,-1.117068786713932838e+01
1.147252865000001663e+02,-1.104759173161095021e+01
1.148955919000001700e+02,-1.085409893550832550e+01
1.150658973000001595e+02,-1.066025180972363451e+01
1.152362027000001632e+02,-1.046617267458954714e+01
1.154065081000001669e+02,-1.027203394804924663e+01
1.155768135000001564e+02,-1.008167091667443316e+01
1.156853331000001504e+02,-9.962761482833373705e+00
1.157102000000001567e+02,-9.935662659098328575e+00
1.157122000000001520e+02,-9.933483149490378139e+00
1.157142000000001616e+02,-9.931303639882411716e+00
1.157390669000001537e+02,-9.904204816147384349e+00
1.158475865000001619e+02,-9.787278419461399537e+00
1.160178919000001514e+02,-9.606960520720475571e+00
1.161881973000001551e+02,-9.430913200156535225e+00
1.163585027000001446e+02,-9.258230154489238473e+00
1.165288081000001483e+02,-9.089164919300516843e+00
1.166991135000001520e+02,-8.924483747191688465e+00
1.168076331000001460e+02,-8.821312076997918084e+00
1.168325000000001523e+02,-8.798440171446966218e+00
1.168345000000001477e+02,-8.796600625258989226e+00
1.168365000000001430e+02,-8.794761079071014009e+00
1.168613669000001494e+02,-8.771889173520062144e+00
1.169698865000001433e+02,-8.672075765269481096e+00
1.171401919000001470e+02,-8.520100081892495680e+00
1.173104973000001365e+02,-8.372804984018751284e+00
1.174808027000001402e+02,-8.230190471625876469e+00
1.176511081000001298e+02,-8.092256544735302981e+00
1.178214135000001335e+02,-7.959003203412326144e+00
1.179299331000001416e+02,-7.877251539543482117e+00
1.179548000000001338e+02,-7.858518421744859594e+00
1.179568000000001291e+02,-7.857011750804888450e+00
1.179588000000001387e+02,-7.855505079864906648e+00
1.179836669000001308e+02,-7.836771962066284125e+00
1.180921865000001389e+02,-7.757525911963781162e+00
1.182624919000001285e+02,-7.633177505918801842e+00
1.184327973000001322e+02,-7.507916051542079749e+00
1.186031027000001217e+02,-7.383776604295485768e+00
1.187734081000001254e+02,-7.261260940220991777e+00
1.189437135000001149e+02,-7.146962372518598450e+00
1.190522331000001230e+02,-7.078735338175531133e+00
1.190771000000001152e+02,-7.063999139554830720e+00
1.190791000000001247e+02,-7.062813933628818930e+00
1.190811000000001201e+02,-7.061628727702815134e+00
1.191059669000001264e+02,-7.046892529082105838e+00
1.192144865000001204e+02,-6.982787603915358687e+00
1.193847919000001241e+02,-6.884263681812733182e+00
1.195550973000001136e+02,-6.786276726956169014e+00
1.197254027000001173e+02,-6.688311736935595775e+00
1.198957081000001210e+02,-6.592188767545697381e+00
1.200660135000001105e+02,-6.498449169145648519e+00
1.201745331000001045e+02,-6.439663122870313394e+00
1.201994000000001108e+02,-6.426192498815998633e+00
1.202014000000001062e+02,-6.425142484048105729e+00
1.202034000000001157e+02,-6.424106784969103145e+00
1.202282669000001079e+02,-6.411229472255349116e+00
1.203367865000001160e+02,-6.355032647368770604e+00
1.205070919000001055e+02,-6.269395231607866492e+00
1.206773973000001092e+02,-6.187112716628988984e+00
1.208477027000000987e+02,-6.108185102387499121e+00
1.210180081000001024e+02,-6.032609259015766057e+00
1.211883135000001062e+02,-5.960640681137403973e+00
1.212968331000001001e+02,-5.917091121281540467e+00
1.213217000000001065e+02,-5.907175748755244982e+00
1.213237000000001018e+02,-5.906378273193251260e+00
1.213257000000000971e+02,-5.905580797631257539e+00
1.213505669000001035e+02,-5.895665425104962942e+00
1.214590865000000974e+02,-5.852027016400577430e+00
1.216293919000001011e+02,-5.783660028697639177e+00
1.217996973000000906e+02,-5.718167627776532314e+00
1.219700027000000944e+02,-5.657135624933777862e+00
1.221403081000000839e+02,-5.597508376617264858e+00
1.223106135000000876e+02,-5.539280954305048965e+00
1.224191331000000815e+02,-5.502747236371758000e+00
1.224440000000000879e+02,-5.494579569282479703e+00
1.224460000000000832e+02,-5.493922658522452096e+00
1.224480000000000928e+02,-5.493265747762420936e+00
1.224728669000000849e+02,-5.485098080673146193e+00
1.225813865000000931e+02,-5.449454234216148052e+00
1.227516919000000826e+02,-5.395026651352785585e+00
1.229219973000000863e+02,-5.341998894383092278e+00
1.230923027000000758e+02,-5.290370963411133332e+00
1.232626081000000795e+02,-5.240142858478860077e+00
1.234329135000000690e+02,-5.191313902042939077e+00
1.235414331000000772e+02,-5.161069560384730082e+00
1.235663000000000693e+02,-5.154139171592473367e+00
1.235683000000000789e+02,-5.153581772898442992e+00
1.235703000000000742e+02,-5.153024374204416169e+00
1.235951669000000805e+02,-5.146093985412155902e+00
1.237036865000000745e+02,-5.116487892282017391e+00
1.238739919000000782e+02,-5.071027463859302031e+00
1.240442973000000677e+02,-5.026987118786206743e+00
1.242146027000000714e+02,-4.983613344549286062e+00
1.243849081000000609e+02,-4.941988797113372911e+00
1.245552135000000646e+02,-4.902110997108042767e+00
1.246637331000000586e+02,-4.877880668203616210e+00
1.246886000000000649e+02,-4.872500960035472950e+00
1.246906000000000603e+02,-4.872068279792408418e+00
1.246926000000000556e+02,-4.871635599549343887e+00
1.247174669000000478e+02,-4.866255891381204179e+00
1.248259865000000559e+02,-4.843163249420406657e+00
1.249962919000000454e+02,-4.808839231512187951e+00
1.251665973000000491e+02,-4.775450774057601322e+00
1.253369027000000386e+02,-4.742851944873502035e+00
1.255072081000000424e+02,-4.711042743919709785e+00
1.256775135000000319e+02,-4.680023171137930760e+00
1.257860331000000400e+02,-4.660589359952338029e+00
1.258109000000000322e+02,-4.656197378864708192e+00
1.258129000000000275e+02,-4.655850448032699873e+00
1.258149000000000228e+02,-4.655503517200691554e+00
1.258397669000000292e+02,-4.651189970047445499e+00
1.259482865000000231e+02,-4.632365572488794214e+00
1.261185919000000126e+02,-4.603489452141135807e+00
1.262888973000000163e+02,-4.575402959986056395e+00
1.264592027000000201e+02,-4.548106096001561127e+00
1.266295081000000096e+02,-4.521598860227094008e+00
1.267998135000000133e+02,-4.495882299986937447e+00
1.269083331000000072e+02,-4.480103923176999459e+00
1.269331999999999994e+02,-4.476488601387288213e+00
1.269352000000000089e+02,-4.476197827564275755e+00
1.269372000000000043e+02,-4.475907053741265962e+00
1.269620668999999964e+02,-4.472291731951554716e+00
1.270705864999999903e+02,-4.456858504845881974e+00
1.272408918999999941e+02,-4.432998391479091360e+00
1.274111972999999978e+02,-4.409403097609546407e+00
1.275815026999999873e+02,-4.386430048621555500e+00
1.277518080999999910e+02,-4.364050695384477763e+00
1.279221134999999805e+02,-4.342221247216451196e+00
1.280306330999999886e+02,-4.328551290100324245e+00
1.280554999999999666e+02,-4.325488663859559324e+00
1.280574999999999761e+02,-4.325242342344551183e+00
1.280594999999999857e+02,-4.324996020829543042e+00
1.280843668999999636e+02,-4.321933394588778121e+00
1.281928864999999860e+02,-4.308568038448783888e+00
1.283631918999999755e+02,-4.288231312235437187e+00
1.285334972999999650e+02,-4.268444491096546223e+00
1.287038026999999545e+02,-4.249207575087536881e+00
1.288741080999999724e+02,-4.230638995599290908e+00
1.290444134999999619e+02,-4.212940841720374863e+00
1.291529330999999559e+02,-4.202278448697083668e+00
1.291777999999999622e+02,-4.199835197329856662e+00
1.291797999999999433e+02,-4.199638691020891379e+00
1.291817999999999529e+02,-4.199442184711923431e+00
1.292066668999999592e+02,-4.197014333646930773e+00
1.293151864999999532e+02,-4.186602617045714680e+00
1.294854918999999427e+02,-4.170460456948842598e+00
1.296557972999999322e+02,-4.154643102808351252e+00
1.298261026999999217e+02,-4.139150554639309476e+00
1.299964080999999396e+02,-4.123991109657824339e+00
1.301667134999999291e+02,-4.109216766946661714e+00
1.302752330999999231e+02,-4.099981541881952296e+00
1.303000999999999294e+02,-4.097882940463291490e+00
1.303020999999999390e+02,-4.097714153729226538e+00
1.303040999999999201e+02,-4.097545366995162475e+00
1.303289668999999265e+02,-4.095446765576502557e+00
1.304374864999999204e+02,-4.086375023648511906e+00
1.306077918999999099e+02,-4.072413776049747192e+00
1.307780972999998994e+02,-4.058827928783707684e+00
1.309484026999999173e+02,-4.045584886558155624e+00
1.311187080999999068e+02,-4.032666650297898947e+00
1.312890134999998963e+02,-4.020091010056583869e+00
1.313975330999999187e+02,-4.012207746311275081e+00
1.314223999999998966e+02,-4.010469097170307862e+00
1.314243999999999062e+02,-4.010329861060306200e+00
1.314263999999998873e+02,-4.010190624950305427e+00
1.314512668999998937e+02,-4.008459439738405017e+00
1.315597864999998876e+02,-4.000904516256936994e+00
1.317300918999998771e+02,-3.989263321259777229e+00
1.319003972999998950e+02,-3.977854657395293092e+00
1.320707026999998845e+02,-3.966678524633157732e+00
1.322410080999998740e+02,-3.955734922924226016e+00
1.324113134999998920e+02,-3.945023852318438884e+00
1.325198330999998859e+02,-3.938366234763961415e+00
1.325446999999998638e+02,-3.936840664176110671e+00
1.325466999999998734e+02,-3.936717965280160048e+00
1.325486999999998829e+02,-3.936595266384209424e+00
1.325735668999998609e+02,-3.935069695796358680e+00
1.326820864999998548e+02,-3.928547826407843502e+00
1.328523918999998727e+02,-3.918467963378416741e+00
1.330226972999998623e+02,-3.908620631499899023e+00
1.331930026999998518e+02,-3.899017402241386598e+00
1.333633080999998697e+02,-3.889684239173986313e+00
1.335336134999998592e+02,-3.880583607084395759e+00
1.336421330999998531e+02,-3.874892971831764399e+00
1.336669999999998595e+02,-3.873614138793300299e+00
1.336689999999998406e+02,-3.873511284554255418e+00
1.336709999999998502e+02,-3.873408430315209205e+00
1.336958668999998281e+02,-3.872129597276746882e+00
1.338043864999998505e+02,-3.866556000886474997e+00
1.339746918999998400e+02,-3.858079322432456326e+00
1.341449972999998295e+02,-3.849842429130529986e+00
1.343153026999998474e+02,-3.841838066873996649e+00
1.344856080999998369e+02,-3.834066235692850544e+00
1.346559134999998264e+02,-3.826526935642258209e+00
1.347644330999998203e+02,-3.821843391183449068e+00
1.347892999999998267e+02,-3.820770172781402074e+00
1.347912999999998078e+02,-3.820683855757403435e+00
1.347932999999998174e+02,-3.820597538733403464e+00
1.348181668999998237e+02,-3.819554363315393442e+00
1.349266864999998177e+02,-3.815050279998030369e+00
1.350969918999998072e+02,-3.808142187555037861e+00
1.352672972999998251e+02,-3.801491024075586367e+00
1.354376026999998146e+02,-3.795138285292032787e+00
1.356079080999998041e+02,-3.789120033858319747e+00
1.357782134999997936e+02,-3.783395067968633896e+00
1.358867330999997876e+02,-3.779741231547184999e+00
1.359115999999997939e+02,-3.778903630280417758e+00
1.359135999999998035e+02,-3.778836263518435157e+00
1.359155999999997846e+02,-3.778768896756453888e+00
1.359404668999997909e+02,-3.777931295489686647e+00
1.360489864999997849e+02,-3.774245404666256576e+00
1.362192918999998028e+02,-3.768442151296480525e+00
1.363895972999997923e+02,-3.762948372687583642e+00
1.365599026999997818e+02,-3.757595325009065679e+00
1.367302080999997713e+02,-3.752327340196256245e+00
1.369005134999997608e+02,-3.747141327207945682e+00
1.370090330999997832e+02,-3.743867961045277415e+00
1.370338999999997611e+02,-3.743131170216237535e+00
1.370358999999997707e+02,-3.743071911456275824e+00
1.370378999999997518e+02,-3.743012652696315001e+00
1.370627668999997582e+02,-3.742275861867274678e+00
1.371712864999997521e+02,-3.739060493403528085e+00
1.373415918999997416e+02,-3.734096993820509525e+00
1.375118972999997595e+02,-3.729215466115957778e+00
1.376822026999997490e+02,-3.724415910287974807e+00
1.378525080999997385e+02,-3.719698326338215733e+00
1.380228134999997565e+02,-3.715062714282665102e+00
1.381313330999997504e+02,-3.712163664226693083e+00
1.381561999999997283e+02,-3.711499356692968377e+00
1.381581999999997379e+02,-3.711445927633959752e+00
1.381601999999997474e+02,-3.711392498574951571e+00
1.381850668999997538e+02,-3.710728191041225976e+00
1.382935864999997193e+02,-3.707883699061551575e+00
1.384638918999997372e+02,-3.703470600343901964e+00
1.386341972999997267e+02,-3.699139473518969545e+00
1.388045026999997162e+02,-3.694890318638983651e+00
1.389748080999997342e+02,-3.690737821678213848e+00
1.391451134999997237e+02,-3.686669921535997041e+00
1.392536330999997176e+02,-3.684118456297320154e+00
1.392784999999997240e+02,-3.683541128703484269e+00
1.392804999999997335e+02,-3.683494695284454501e+00
1.392824999999997146e+02,-3.683448261865425177e+00
1.393073668999996926e+02,-3.682870934271589736e+00
1.394158864999997149e+02,-3.680360727586880820e+00
1.395861918999997044e+02,-3.676506079442306785e+00
1.397564972999996940e+02,-3.672742664608124485e+00
1.399268026999997119e+02,-3.669061221660297356e+00
1.400971080999997014e+02,-3.665461750540209174e+00
1.402674134999996909e+02,-3.661944251294131814e+00
1.403759330999997132e+02,-3.659741101621914350e+00
1.404007999999996912e+02,-3.659236723687917525e+00
1.404027999999996723e+02,-3.659197285908937669e+00
1.404047999999996819e+02,-3.659157848129956925e+00
1.404296668999996882e+02,-3.658667500476894485e+00
1.405381864999996822e+02,-3.656527614476979160e+00
1.407084918999996717e+02,-3.653232628634981438e+00
1.408787972999996896e+02,-3.650019614670275914e+00
1.410491026999996791e+02,-3.646888572585058164e+00
1.412194080999996686e+02,-3.643839502379329076e+00
1.413897134999996865e+02,-3.640878400774096857e+00
1.414982330999996805e+02,-3.639048836407337006e+00
1.415230999999996584e+02,-3.638630972037221856e+00
1.415250999999996679e+02,-3.638597363958199882e+00
